{
  "title": "Untitled Project (fork)",
  "description": "",
  "head": "<meta charset=\"UTF-8\" />\n<meta name=\"viewport\" content=\"width=device-width, initial-scale=1.0\" />",
  "htmlAttrs": "lang=\"en\" class=\"\"",
  "tags": [],
  "autoupdate": true,
  "autosave": false,
  "autotest": false,
  "delay": 1500,
  "formatOnsave": false,
  "view": "split",
  "mode": "full",
  "theme": "dark",
  "layout": "responsive",
  "recoverUnsaved": true,
  "showSpacing": false,
  "welcome": true,
  "readonly": false,
  "allowLangChange": true,
  "activeEditor": "script",
  "markup": {
    "language": "html",
    "content": ""
  },
  "style": {
    "language": "css",
    "content": ""
  },
  "script": {
    "language": "react-native",
    "content": "import React, { useState } from 'react';\n\nfunction App() {\n  const [currentScreen, setCurrentScreen] = useState('main'); // main, window, notebook\n\n  // Стили для контейнера в зависимости от экрана\n  const containerStyle = {\n    width: '100vw',\n    height: '100vh',\n    margin: 0,\n    padding: 0,\n    backgroundColor: currentScreen === 'main' ? '#32CD32' : \n                     currentScreen === 'window' ? '#FFD700' : '#000000',\n    display: 'flex',\n    flexDirection: 'column',\n    justifyContent: 'center',\n    alignItems: 'center',\n    transition: 'background-color 0.5s ease',\n    position: 'relative',\n  };\n\n  // Стили для надписей\n  const textStyle = {\n    color: currentScreen === 'main' ? 'black' : 'white',\n    fontSize: '48px',\n    fontWeight: 'bold',\n    margin: '10px',\n    cursor: 'pointer',\n    transition: 'transform 0.3s ease, color 0.5s ease',\n  };\n\n  // Стили для солнца (логотипа)\n  const sunStyle = {\n    position: 'absolute',\n    top: '20%',\n    width: '100px',\n    height: '100px',\n    backgroundColor: 'yellow',\n    borderRadius: '50%',\n    boxShadow: '0 0 30px #FFFF00',\n    zIndex: 1,\n    animation: 'glow 2s infinite alternate',\n  };\n\n  // Солнечные лучи\n  const sunRaysStyle = {\n    position: 'absolute',\n    top: '20%',\n    width: '120px',\n    height: '120px',\n    display: 'flex',\n    justifyContent: 'center',\n    alignItems: 'center',\n  };\n\n  // Стиль для лучей\n  const rayStyle = {\n    position: 'absolute',\n    width: '60px',\n    height: '10px',\n    backgroundColor: 'yellow',\n    borderRadius: '5px',\n    opacity: 0.7,\n  };\n\n  // Создаем 8 лучей\n  const rays = [];\n  for (let i = 0; i < 8; i++) {\n    const angle = (i * 45) * Math.PI / 180;\n    rays.push(\n      <div \n        key={i} \n        style={{\n          ...rayStyle,\n          transform: `rotate(${i * 45}deg) translateY(-40px)`,\n          animation: `rayPulse ${2 + i * 0.2}s infinite alternate`,\n        }}\n      />\n    );\n  }\n\n  // Кнопка возврата на главный экран (на других экранах)\n  const returnButtonStyle = {\n    position: 'absolute',\n    bottom: '20px',\n    padding: '10px 20px',\n    backgroundColor: 'rgba(255, 255, 255, 0.2)',\n    color: 'white',\n    border: 'none',\n    borderRadius: '5px',\n    cursor: 'pointer',\n    fontSize: '18px',\n  };\n\n  return (\n    <div style={containerStyle}>\n      <style>\n        {`\n          @keyframes glow {\n            from { box-shadow: 0 0 30px #FFFF00; }\n            to { box-shadow: 0 0 50px #FFFF00, 0 0 60px #FFFF00; }\n          }\n          @keyframes rayPulse {\n            from { opacity: 0.5; }\n            to { opacity: 0.9; }\n          }\n        `}\n      </style>\n      \n      {/* Логотип солнца (только на главном экране) */}\n      {currentScreen === 'main' && (\n        <>\n          <div style={sunStyle}></div>\n          <div style={sunRaysStyle}>{rays}</div>\n        </>\n      )}\n      \n      {/* Надписи */}\n      <div style={{ display: 'flex', gap: '30px' }}>\n        <h1 \n          style={{\n            ...textStyle,\n            color: currentScreen === 'main' ? 'black' : \n                  currentScreen === 'window' ? 'white' : 'white',\n          }}\n          onClick={() => setCurrentScreen('window')}\n          onMouseOver={(e) => e.target.style.transform = 'scale(1.1)'}\n          onMouseOut={(e) => e.target.style.transform = 'scale(1)'}\n        >\n          окно\n        </h1>\n        \n        <h1 \n          style={{\n            ...textStyle,\n            color: currentScreen === 'main' ? 'black' : \n                  currentScreen === 'window' ? 'white' : 'white',\n          }}\n          onClick={() => setCurrentScreen('notebook')}\n          onMouseOver={(e) => e.target.style.transform = 'scale(1.1)'}\n          onMouseOut={(e) => e.target.style.transform = 'scale(1)'}\n        >\n          тетрадь\n        </h1>\n      </div>\n\n      {/* Кнопка возврата (на других экранах) */}\n      {currentScreen !== 'main' && (\n        <button \n          style={returnButtonStyle}\n          onClick={() => setCurrentScreen('main')}\n        >\n          Вернуться на главную\n        </button>\n      )}\n    </div>\n  );\n}\n\nexport default App;"
  },
  "stylesheets": [],
  "scripts": [],
  "cssPreset": "",
  "imports": {},
  "types": {},
  "tests": {
    "language": "typescript",
    "content": ""
  },
  "tools": {
    "enabled": "all",
    "active": "",
    "status": ""
  },
  "zoom": 1,
  "processors": [],
  "customSettings": {},
  "useTabs": false,
  "tabSize": 2,
  "lineNumbers": true,
  "wordWrap": false,
  "closeBrackets": true,
  "foldRegions": false,
  "semicolons": true,
  "singleQuote": false,
  "trailingComma": true,
  "emmet": true,
  "enableAI": false,
  "version": "46"
}